{"experiment_counter": [0, 1, 2, 3, 4, 5], "elapsed_time": [653.7259697914124, 6868.933822393417, 613.912871837616, 248.88769435882568, 144.86814856529236, 171.2458782196045], "total_experiments_elapsed_time": 8701.5787191391}