{"experiment_counter": [0, 1], "elapsed_time": [277.6123490333557, 276.17764949798584], "total_experiments_elapsed_time": 778.0348219871521}