{"experiment_counter": [0], "elapsed_time": [215.13468194007874], "total_experiments_elapsed_time": 215.13554763793945}