{"experiment_counter": [0, 1], "elapsed_time": [169.99285411834717, 173.0325801372528], "total_experiments_elapsed_time": 343.02804708480835}