{"experiment_counter": [0], "elapsed_time": [174.54671955108643], "total_experiments_elapsed_time": 174.54816031455994}