{"experiment_counter": [0, 1], "elapsed_time": [256.4673101902008, 254.04351162910461], "total_experiments_elapsed_time": 510.5137872695923}