{"experiment_counter": [0, 1], "elapsed_time": [219.635262966156, 199.88889360427856], "total_experiments_elapsed_time": 419.5264296531677}