{"experiment_counter": [0, 1, 2, 3, 4, 5, 6, 7, 8, 9, 10, 11, 12, 13, 14, 15, 16, 17], "elapsed_time": [269.51362442970276, 253.16374325752258, 158.95806193351746, 306.03664898872375, 377.82950806617737, 511.95788621902466, 277.92527174949646, 246.15740275382996, 174.11297965049744, 251.98532152175903, 268.425252199173, 158.5879454612732, 175.06991338729858, 161.73109984397888, 566.1798949241638, 152.88727283477783, 137.03619813919067, 110.55083465576172], "total_experiments_elapsed_time": 5914.859688282013}