{"experiment_counter": [0, 1, 2, 3, 4, 5, 6, 7, 8, 9, 10, 11, 12, 13, 14, 15, 16], "elapsed_time": [247.5077006816864, 220.8618199825287, 269.98073148727417, 234.52265810966492, 200.84673237800598, 256.9536678791046, 268.38218903541565, 251.1640248298645, 255.43483901023865, 257.3809118270874, 258.61935234069824, 239.40486598014832, 206.78283643722534, 213.26785159111023, 210.2407524585724, 182.56686449050903, 192.08924412727356], "total_experiments_elapsed_time": 4368.386351585388}