{"experiment_counter": [0], "elapsed_time": [252.1631360054016], "total_experiments_elapsed_time": 285.4440188407898}