{"experiment_counter": [0, 1], "elapsed_time": [150.7551794052124, 131.23446440696716], "total_experiments_elapsed_time": 421.5466396808624}