{"experiment_counter": [0, 1, 2], "elapsed_time": [315.9960722923279, 311.3074676990509, 311.1622898578644], "total_experiments_elapsed_time": 938.4687430858612}