{"experiment_counter": [0, 1, 2], "elapsed_time": [319.49399304389954, 300.1876811981201, 287.3802316188812], "total_experiments_elapsed_time": 907.0648543834686}