{"experiment_counter": [0], "elapsed_time": [182.93687748908997], "total_experiments_elapsed_time": 182.9379119873047}