{"experiment_counter": [0, 1], "elapsed_time": [274.79886841773987, 284.04216718673706], "total_experiments_elapsed_time": 558.8429806232452}