{"experiment_counter": [0, 1, 2], "elapsed_time": [167.32881379127502, 188.4063572883606, 183.29009652137756], "total_experiments_elapsed_time": 568.1192741394043}