{"experiment_counter": [0, 1, 2, 3, 4, 5], "elapsed_time": [209.02695870399475, 283.9703619480133, 260.76084184646606, 179.45610189437866, 147.02201223373413, 251.43036913871765], "total_experiments_elapsed_time": 1331.671855211258}