{"experiment_counter": [0, 1, 2], "elapsed_time": [107.89540386199951, 176.70114278793335, 116.47340893745422], "total_experiments_elapsed_time": 401.07214426994324}