{"experiment_counter": [0, 1], "elapsed_time": [199.28576350212097, 250.15872025489807], "total_experiments_elapsed_time": 449.44655108451843}