{"experiment_counter": [0, 1, 2], "elapsed_time": [306.88769006729126, 297.7916135787964, 292.1147971153259], "total_experiments_elapsed_time": 921.234023809433}