{"experiment_counter": [0, 1, 2, 3, 4, 5, 6, 7, 8, 9, 10, 11, 12, 13, 14, 15], "elapsed_time": [296.5672688484192, 283.5674514770508, 160.63504266738892, 598.0613925457001, 552.8367793560028, 579.0008130073547, 279.34861421585083, 246.72927570343018, 178.08496165275574, 262.2026379108429, 258.94939661026, 173.28050446510315, 157.309472322464, 108.35444951057434, 140.3442976474762, 571.7213733196259], "total_experiments_elapsed_time": 13077.838976860046}