{"experiment_counter": [0], "elapsed_time": [316.5580065250397], "total_experiments_elapsed_time": 316.5593264102936}