{"experiment_counter": [0], "elapsed_time": [154.85051727294922], "total_experiments_elapsed_time": 180.0774884223938}