{"experiment_counter": [0, 1], "elapsed_time": [140.73993277549744, 148.63499474525452], "total_experiments_elapsed_time": 289.37690591812134}