{"experiment_counter": [0], "elapsed_time": [186.8929512500763], "total_experiments_elapsed_time": 186.8939185142517}