{"experiment_counter": [0, 1], "elapsed_time": [138.60009169578552, 136.97395038604736], "total_experiments_elapsed_time": 383.15589714050293}