{"experiment_counter": [0, 1, 2], "elapsed_time": [307.40006041526794, 293.7669231891632, 290.50630593299866], "total_experiments_elapsed_time": 891.67613697052}