{"experiment_counter": [0, 1], "elapsed_time": [277.15171098709106, 271.3367042541504], "total_experiments_elapsed_time": 548.4905121326447}