{"experiment_counter": [0, 1, 2, 3], "elapsed_time": [171.60324120521545, 176.8485655784607, 146.72311425209045, 141.94904041290283], "total_experiments_elapsed_time": 784.045206785202}