{"experiment_counter": [0], "elapsed_time": [135.56736636161804], "total_experiments_elapsed_time": 135.56867694854736}