{"experiment_counter": [0, 1, 2], "elapsed_time": [127.93932294845581, 126.17082858085632, 204.3526487350464], "total_experiments_elapsed_time": 458.46556425094604}